{
  "22995": "hoteis",
  "22997": "hoteis",
  "23001": "hoteis",
  "23083": "hoteis",
  "23097": "hoteis",
  "23151": "hoteis",
  "23164": "hoteis",
  "23165": "hoteis",
  "23166": "hoteis",
  "23185": "hoteis",
  "23186": "hoteis",
  "23038": "hoteis",
  "23035": "gastronomia",
  "23110": "gastronomia",
  "23111": "gastronomia",
  "23121": "gastronomia",
  "23144": "tortas",
  "23011": "entretenimento",
  "23077": "entretenimento",
  "23084": "entretenimento",
  "23085": "entretenimento",
  "23138": "entretenimento",
  "23150": "entretenimento",
  "23171": "entretenimento",
  "22998": "saude",
  "22999": "saude",
  "23086": "saude",
  "23177": "saude",
  "23179": "saude",
  "23034": "servicos"
}