{"id":"22995","title":"2 di\u00e1rias de segunda a quinta para at\u00e9 6 pessoas de R$500 por apenas R$199","description":"A oferta inclui: 2 di\u00e1rias para at\u00e9 6 pessoas com duas op\u00e7\u00f5es de check-in segunda a quinta ou sexta a domingo no Chal\u00e9s da Marambaia a partir de R$199.<b> Escolha a op\u00e7\u00e3o de sua prefer\u00eancia no ato da compra.<\/b>\r\n\r\nCheck-in \u00e0s 12h e check-out \u00e0s 16h. \r\n\r\n<b>Validade do cupom:<\/b> at\u00e9 28\/06\/2019.<\/b> (exceto feriados e datas comemorativas).\r\n\r\n<b>Agendamento:<\/b> ap\u00f3s a compra, agende imediatamente atrav\u00e9s do telefone: (85) 99784-1711 \/ (85) 98818-7544. Sujeito a disponibilidade.\r\n\r\nProibido qualquer tipo de som alto, sujeito a multa.\r\n\r\nN\u00e3o inclui caf\u00e9 da manh\u00e3.\r\n\r\n\r\n","price":"199","market_price":"500","category":"Hot\u00e9is","images":[{"url":"https:\/\/static.baratocoletivo.com.br\/2019\/0405\/10019503\/g_chales-marambaia2b4024b376.jpg"},{"url":"https:\/\/static.baratocoletivo.com.br\/2019\/0405\/10019503\/g_chales-marambaia6b192f63dc.jpg"},{"url":"https:\/\/static.baratocoletivo.com.br\/2019\/0405\/10019503\/g_chales-marambaia349c878678.jpg"},{"url":"https:\/\/static.baratocoletivo.com.br\/2019\/0405\/10019503\/g_chales-marambaia1fd6ac10dc.jpg"},{"url":"https:\/\/static.baratocoletivo.com.br\/2019\/0405\/10019503\/g_chales-marambaia5c3633adcb.jpg"}]}