{"id":"23011","title":"Voc\u00ea merece se divertir! Ingresso Inteira para o \"Open Night Comedy - Noite de novos Comediantes\" de R$40 por R$13,99 no Teatro do Humor & Cultura Cearense.","description":"A oferta inclui: Ingresso Inteira para o \"Open Night Comedy - Noite de novos Comediantes\" de R$40 por R$13,99 no Teatro do Humor & Cultura Cearense.\r\n\r\n<b>Elenco:<\/b> Pedro Augusto, Igor Pivomar, Paulinho Enderson, Junior Silva, Ra\u00ed Linhares, Lucas Ferreira, C\u00edcero Reis, Luan Rolim, Luan Silva, John Triloko e a participa\u00e7\u00e3o de <b>Bruninho Pacheco.<\/b> \r\n\r\n<b>O cupom \u00e9 v\u00e1lido exclusivamente dia 14\/04 \u00e0s 18h30.<\/b> \r\n\r\n<b>Os ingressos devem ser trocados na bilheteria do Teatro do Humor Cearense at\u00e9 1h antes do espet\u00e1culo, caso contr\u00e1rio, o cupom ser\u00e1 invalidado.<\/b>\r\n\r\n<b>Informa\u00e7\u00f5es:<\/b> (85) 98811.2466\r\n\r\nClassifica\u00e7\u00e3o: 14 anos.","price":"13.99","market_price":"40","category":"Entretenimento","images":[{"url":"https:\/\/static.baratocoletivo.com.br\/2019\/0405\/10019516\/g_teatro-do-humor-e-cultura-cearensed11c3c2c35.jpg"},{"url":"https:\/\/static.baratocoletivo.com.br\/2019\/0405\/10019516\/g_teatro-do-humor-e-cultura-cearense2a947aa019.jpg"}]}