{"id":"23035","title":"1 The Black de R$13 por apenas R$9,90","description":"A oferta inclui: The Black, Combo Black ou Trio Black China na Black Box Burgers a partir de R$9,90.<b> Escolha a op\u00e7\u00e3o de sua prefer\u00eancia no ato da compra.<\/b>\r\n\r\n<b>The Black:<\/b> p\u00e3o artesanal da V\u00f3 Ditosa, burger de 140g , queijo, tomate, cebola roxa, molho especial.\r\n\r\n<b>Combo Black:<\/b> p\u00e3o artesanal da V\u00f3 Ditosa, cebola caramelizada ou barbecue, burger de 140g , queijo, bacon, tomate, cebola roxa, picles artesanal ou mostarda + molho especial + refrigerante ou suco.\r\n\r\n<b>Trio Black China:<\/b> p\u00e3o artesanal da V\u00f3 Ditosa, cebola caramelizada ou barbecue, burger de 140g , queijo, bacon, tomate, cebola roxa, picles artesanal ou mostarda + molho especial + refrigerante ou suco + acompanhamento.\r\n\r\n<b>Burgers:<\/b> bovino, toscana e frango.\r\n\r\n<b>Molhos:<\/b> ervas, picante, bacon, alho e calabresa, Cream Cheese\r\n\r\n<b>Acompanhamentos:<\/b> Batata Frita, Onion Rings ou P\u00e3o de Alho todos feitos na Air fryer\r\n\r\n<b>Validade do cupom:<\/b> 31\/07\/2019, de quarta a s\u00e1bado das 19:15h \u00e0s 00h (exceto feriados e datas comemorativas).\r\n\r\n<b>Delivery:<\/b> Consultar localidades e taxas direto com o estabelecimento.\r\n","price":"9.9","market_price":"13","category":"Gastronomia","images":[{"url":"https:\/\/static.baratocoletivo.com.br\/2019\/0406\/23035\/g_black-box-burgers425c85fa0f.jpg"},{"url":"https:\/\/static.baratocoletivo.com.br\/2019\/0406\/23035\/g_black-box-burgers952dbee0cb.jpg"},{"url":"https:\/\/static.baratocoletivo.com.br\/2019\/0406\/23035\/g_black-box-burgers3d51b5d217.jpg"},{"url":"https:\/\/static.baratocoletivo.com.br\/2019\/0406\/23035\/g_black-box-burgers3378f9b9c8.jpg"},{"url":"https:\/\/static.baratocoletivo.com.br\/2019\/0406\/23035\/g_black-box-burgersa776a0d0a8.jpg"},{"url":"https:\/\/static.baratocoletivo.com.br\/2019\/0406\/23035\/g_black-box-burgers24924a38c3.jpg"},{"url":"https:\/\/static.baratocoletivo.com.br\/2019\/0406\/23035\/g_black-box-burgers405d982648.jpg"},{"url":"https:\/\/static.baratocoletivo.com.br\/2019\/0406\/23035\/g_black-box-burgers5f65ffad17.jpg"},{"url":"https:\/\/static.baratocoletivo.com.br\/2019\/0406\/23035\/g_black-box-burgersd072d955a1.jpg"},{"url":"https:\/\/static.baratocoletivo.com.br\/2019\/0406\/23035\/g_black-box-burgers75a9fda499.jpg"}]}