{"id":"23038","title":"1 di\u00e1ria (s\u00e1bado a domingo) para 2 pessoas por apenas R$209,99","description":"A oferta inclui: Di\u00e1rias para 2 adultos no Hotel Cantinho das Flores a partir de R$209,99. <b>Escolha a op\u00e7\u00e3o de sua prefer\u00eancia no ato da compra.<\/b>\r\n\r\n<b>Op\u00e7\u00e3o  1:<\/b> Check-in\/ check-out 12h.\r\n\r\n<b>Op\u00e7\u00e3o 3:<\/b> Check-in a partir das 19h.\r\n\r\n<b>Agendamento:<\/b> ap\u00f3s a compra, agende imediatamente atrav\u00e9s do telefone: (85) 3023.6517 \/ (85) 99733.5932 \/ (85) 98729.3499 \/ (85) 98724.0638 ou email: chalesreserva@gmail.com. Sujeito a disponibilidade. \r\n\r\nDesmarcar com 3 dias de anteced\u00eancia, caso contr\u00e1rio, o cupom ser\u00e1 dado como utilizado.\r\n\r\n<b>O hotel n\u00e3o ir\u00e1 disponibilizar caf\u00e9 da manh\u00e3, servi\u00e7o de quarto ou qualquer outro servi\u00e7o relacionado a hotelaria. N\u00e3o teremos wi-fi nesse per\u00edodo.<\/b>\r\n\r\nMenor de idade somente acompanhado dos pais (com documenta\u00e7\u00e3o comprobat\u00f3ria).\r\n\r\nN\u00e3o \u00e9 permitida a entrada de animais e som de carro.\r\n\r\nN\u00e3o inclui despesas com frigobar, caf\u00e9 da manh\u00e3 e taxas de servi\u00e7o.\r\n\r\n\r\n\r\n","price":"209.99","market_price":"399.99","category":"Hot\u00e9is","images":[{"url":"https:\/\/static.baratocoletivo.com.br\/2019\/0405\/10019524\/g_hotel-cantinho-das-flores286e78fdc6.jpg"},{"url":"https:\/\/static.baratocoletivo.com.br\/2019\/0405\/10019524\/g_hotel-cantinho-das-floresfcd0094f8d.jpg"},{"url":"https:\/\/static.baratocoletivo.com.br\/2019\/0405\/10019524\/g_hotel-cantinho-das-floresf15ba77916.jpg"},{"url":"https:\/\/static.baratocoletivo.com.br\/2019\/0405\/10019524\/g_hotel-cantinho-das-flores28ad33aeec.jpg"},{"url":"https:\/\/static.baratocoletivo.com.br\/2019\/0405\/10019524\/g_hotel-cantinho-das-floresf016c88594.jpg"},{"url":"https:\/\/static.baratocoletivo.com.br\/2019\/0405\/10019524\/g_hotel-cantinho-das-floresdaa920761d.jpg"},{"url":"https:\/\/static.baratocoletivo.com.br\/2019\/0405\/10019524\/g_hotel-cantinho-das-floresef97bf325c.jpg"},{"url":"https:\/\/static.baratocoletivo.com.br\/2019\/0405\/10019524\/g_hotel-cantinho-das-flores34bf44b6be.jpg"}]}