{"id":"23077","title":"Ingresso Inteira Sala 2D Cinematicket de segunda a quarta de R$23 por apenas R$14,90","description":"A oferta inclui: Ingresso Inteira Cinematicket para as redes UCI, UCI Kinoplex e UCI Orient de todo o Brasil a partir de R$14,90. Compre e escolha a sua cadeira abaixo!\r\n\r\n<b>Validade do cupom:<\/b> 30 dia ap\u00f3s a aprova\u00e7\u00e3o do pagamento. V\u00e1lido os dias e hor\u00e1rios, de acordo com a op\u00e7\u00e3o escolhida. Inclui feriados e datas comemorativas e para todos os cinemas das redes UCI, UCI Kinoplex e UCI Orien do Brasil. <\/b>\r\n\r\n<b>Obs: cupom n\u00e3o reembols\u00e1vel.<\/b>\r\n\r\n<b>Troca do ingresso: \u00c9 OBRIGAT\u00d3RIA a troca pelo site <a style=\"font-weight: bold\" href=\"https:\/\/www.ingresso.com\/fortaleza\/home\/\" target=\"_blank\">ingresso.com<\/a>. N\u00e3o ser\u00e1 aceito fazer a troca do cupom pelo ingresso diretamente na bilheteria do cinema, apenas pelo site.<\/b>\r\n\r\n<b>Para fazer a troca:<\/b> \r\n\r\n<b>1.<\/b> Basta acessar <a style=\"font-weight: bold\" href=\"https:\/\/www.ingresso.com\/fortaleza\/home\/\" target=\"_blank\">ingresso.com<\/a> e escolher normalmente o filme. <b>2.<\/b> Ap\u00f3s a escolha de assentos, na parte de <b>\u201cTipo de Ingressos\u201d<\/b>, selecione a op\u00e7\u00e3o <b>\u201cCinematicket Eletr\u00f4nico\u201d<\/b>. <b>3.<\/b> Em seguida, no campo <b>\u201cC\u00f3digo Venda Empresa\u201d<\/b>, que abrir\u00e1 ap\u00f3s a escolha de quantidade de ingressos, insira o c\u00f3digo do cupom adquirido. <b>4.<\/b> Feito isso \u00e9 s\u00f3 finalizar a compra normalmente. Nenhum valor ser\u00e1 cobrado.\r\n\r\nO uso desse cupom est\u00e1 sujeito \u00e0 disponibilidade de assentos e poss\u00edveis restri\u00e7\u00f5es de dia e hor\u00e1rio de sess\u00e3o impostas pelas distribuidoras dos filmes.\r\n\r\n<b>Restri\u00e7\u00f5es:<\/b> somente 1 troca de ingresso por cupom; N\u00e3o \u00e9 v\u00e1lido para filmes 3D, conte\u00fados alternativos e salas UCI XPlus, IMAX, de Lux, 4DX e poltronas UCI SuperSeat.","price":"14.9","market_price":"23","category":"Entretenimento","images":[{"url":"https:\/\/static.baratocoletivo.com.br\/2019\/0408\/10019533\/g_uci-cinemas9998d40658.jpg"},{"url":"https:\/\/static.baratocoletivo.com.br\/2019\/0408\/10019533\/g_uci-cinemasda44e80cb6.jpg"},{"url":"https:\/\/static.baratocoletivo.com.br\/2019\/0408\/10019533\/g_uci-cinemas8c4e596602.jpg"},{"url":"https:\/\/static.baratocoletivo.com.br\/2019\/0408\/10019533\/g_uci-cinemas0d4d11be21.jpg"}]}