{"id":"23111","title":"Peixe \u00e0 Del\u00edcia para at\u00e9 2 pessoas de R$65 por apenas R$49,90","description":"A oferta inclui: A oferta inclui: Camar\u00e3o Cremoso, Arroz de Carne de Sol, Peixe \u00e0 Del\u00edcia, Fil\u00e9 \u00e0 Parmeggiana, Arrumadinho de Carne de Sol, Picanha e Peixe \u00e0 Belle Meuni\u00e8re para at\u00e9 3 pessoas a partir de R$49,90 no Dez17 Lounge. <b>Escolha a op\u00e7\u00e3o de sua prefer\u00eancia no ato da compra.<\/b>\r\n\r\n<b>Peixe \u00e0 Del\u00edcia:<\/b> Peixe branco, banana, molho branco, pur\u00ea de batata e arroz branco.\r\n\r\n<b>Fil\u00e9 \u00e0 Parmeggiana:<\/b> Filet mignon \u00e0 milanesa gratinado acompanhado de fettutine ao molho de tomate.\r\n\r\n<b>Arrumadinho de Carne de Sol:<\/b> 400 gramas de Carne de Sol refogada na manteiga e cebola, bai\u00e3o de dois e farofa de banana.\r\n\r\n<b> Picanha Dez17:<\/b> 400 gramas de Picanha importada grelhada, bai\u00e3o de dois e macaxeira frita.\r\n\r\n<b>Peixe \u00e0 Belle Meuni\u00e8re:<\/b> 400 gramas de peixe branco e camar\u00e3o puxados na manteiga e alcaparras, acompanha chips de batata doce e arroz de alho.\r\n\r\n<b>Arroz de Carne de Sol:<\/b> Carne de sol desfiada gratinada, arroz de leite com cubos de queijo coalho.\r\n\r\n<b>Camar\u00e3o Cremoso:<\/b> Camar\u00e3o gratinado com arroz, requeij\u00e3o, presunto e batata palha.\r\n\r\n<b>Validade do cupom:<\/b> 30\/06\/2019<\/b> domingo, ter\u00e7a, quarta e quinta para jantar, das 18h \u00e0s 23h30, e sexta ou domingo para almo\u00e7o, das 11h \u00e0s 15h (exceto feriados locais, nacionais e datas comemorativas).\r\n\r\n<b>Agendamento:<\/b> n\u00e3o \u00e9 necess\u00e1rio reservar, mas deve-se considerar a capacidade do local. Sujeito a disponibilidade.\r\n\r\n<b>V\u00e1lido apenas para consumo no local. N\u00e3o \u00e9 v\u00e1lido para delivery ou viagem (balc\u00e3o).<\/b>\r\n\r\n<b> A casa cobra taxa de servi\u00e7o. <\/b> \r\n","price":"49.9","market_price":"65","category":"Gastronomia","images":[{"url":"https:\/\/static.baratocoletivo.com.br\/2019\/0408\/10019539\/g_dez-17-lounge-82e117c84c.jpg"},{"url":"https:\/\/static.baratocoletivo.com.br\/2019\/0408\/10019539\/g_dez-17-lounge-3a1cc763e7.jpg"},{"url":"https:\/\/static.baratocoletivo.com.br\/2019\/0408\/10019539\/g_dez-17-lounge-36ec85ec20.jpg"},{"url":"https:\/\/static.baratocoletivo.com.br\/2019\/0408\/10019539\/g_dez-17-lounge-8bd0b70691.jpg"},{"url":"https:\/\/static.baratocoletivo.com.br\/2019\/0408\/10019539\/g_dez-17-lounge-155637f1cb.jpg"},{"url":"https:\/\/static.baratocoletivo.com.br\/2019\/0408\/10019539\/g_dez-17-lounge-306d9e91c6.jpg"},{"url":"https:\/\/static.baratocoletivo.com.br\/2019\/0408\/10019539\/g_dez-17-lounge-751cbe23c8.jpg"},{"url":"https:\/\/static.baratocoletivo.com.br\/2019\/0408\/10019539\/g_dez-17-lounge-294c641156.jpg"},{"url":"https:\/\/static.baratocoletivo.com.br\/2019\/0408\/10019539\/g_dez-17-lounge-6fe90a855f.jpg"}]}