{"id":"23110","title":"A feijoada mais gostosa de Fortaleza \u00e9 no Dez17 Lounge! Buffet completo de Feijoada a vontade para 1 pessoa de R$36 por apenas R$29,90. Sirva-se quantas vezes quiser! ","description":"<b>Validade do cupom:<\/b> 29\/06\/2019, somente aos s\u00e1bado de 12h at\u00e9 15h.<\/b>\r\n\r\nNa programa\u00e7\u00e3o musical aos s\u00e1bados tem samba a partir das 13h. Ser\u00e1 cobrado couvert no valor de R$7.\r\n\r\n<b>Agendamento:<\/b> n\u00e3o \u00e9 necess\u00e1rio, mas deve-se considerar a capacidade do local. Sujeito a disponibilidade.\r\n\r\n<b>V\u00e1lido apenas para consumo no local.<\/b>","price":"29","market_price":"36","category":"Gastronomia","images":[{"url":"https:\/\/static.baratocoletivo.com.br\/2019\/0408\/10019538\/g_dez-17-lounge-48b4f94677.jpg"},{"url":"https:\/\/static.baratocoletivo.com.br\/2019\/0408\/10019538\/g_dez-17-lounge-b149214717.jpg"},{"url":"https:\/\/static.baratocoletivo.com.br\/2019\/0408\/10019538\/g_dez-17-lounge-aed5332d24.jpg"},{"url":"https:\/\/static.baratocoletivo.com.br\/2019\/0408\/10019538\/g_dez-17-lounge-40c7c89039.jpg"},{"url":"https:\/\/static.baratocoletivo.com.br\/2019\/0408\/10019538\/g_dez-17-lounge-03ec01afe0.jpg"},{"url":"https:\/\/static.baratocoletivo.com.br\/2019\/0408\/10019538\/g_dez-17-lounge-ca0370a256.jpg"},{"url":"https:\/\/static.baratocoletivo.com.br\/2019\/0408\/10019538\/g_dez-17-lounge-af0756b329.jpg"}]}