{"id":"23138","title":"01 Ingresso Inteira Cinema Sala Tradicional 2D - valendo de segunda a quinta de R$22 por R$13,90","description":"A oferta inclui: Ingresso Inteira Cinema RioMar Fortaleza, Kennedy ou North Shopping J\u00f3quei com a Cin\u00e9polis e o Barato por apenas R$13,90. <b>Escolha a op\u00e7\u00e3o de sua prefer\u00eancia no ato da compra.<\/b>\r\n\r\n<b>Validade:<\/b> 30 dias ap\u00f3s a aprova\u00e7\u00e3o do pagamento, de acordo com a op\u00e7\u00e3o escolhida. Inclui feriados e datas comemorativas.<\/b>\r\n\r\n<b>Obs: cupom n\u00e3o reembols\u00e1vel.<\/b>\r\n\r\n<b>Troca dos ingressos:<\/b> ap\u00f3s a compra, troque este cupom na bilheteria do Cinema RioMar Fortaleza, Kennedy ou North Shopping J\u00f3quei por um ingresso e aproveite todos os diferenciais que s\u00f3 a Cin\u00e9polis pode oferecer.\r\n\r\n<b>Restri\u00e7\u00f5es:<\/b> n\u00e3o \u00e9 v\u00e1lido para sess\u00f5es especiais, como eventos esportivos, transmiss\u00f5es ao vivo, \u00f3peras e outros. N\u00e3o \u00e9 v\u00e1lido para filmes 3D (em qualquer uma das salas). Consulte regulamento nos cinemas. ","price":"13.9","market_price":"22","category":"Entretenimento","images":[{"url":"https:\/\/static.baratocoletivo.com.br\/2019\/0408\/10019540\/g_cinepolis-fortaleza57455174d3.jpg"},{"url":"https:\/\/static.baratocoletivo.com.br\/2019\/0408\/10019540\/g_cinepolis-fortaleza0772465ca8.jpg"},{"url":"https:\/\/static.baratocoletivo.com.br\/2019\/0408\/10019540\/g_cinepolis-fortaleza6e5022f4d9.jpg"}]}