{"id":"23144","title":"50 Mini Brownies embalados em celofane por apenas R$49,90","description":"A oferta inclui: 50 Mini Brownies ou 50 Bem Casados na Del\u00edcias da Hel\u00f4 a partir de R$49,90. <b> Escolha a op\u00e7\u00e3o de sua prefer\u00eancia no ato da compra.<\/b>\r\n\r\n<b>Validade do cupom:<\/b> 31\/05\/2019, de ter\u00e7a a s\u00e1bado das 8h \u00e0s 18h (exceto feriados e datas comemorativas).<\/b>\r\n\r\n<b>Agendamento:<\/b> <b>Agendamento:<\/b> ap\u00f3s a compra, agende imediatamente atrav\u00e9s dos telefones: (85) 3037.7055 \/ (85) 98601.8687. Sujeito a disponibilidade. \r\n\r\n<b>V\u00e1lido apenas para retirada no local.<\/b>\r\n\r\n","price":"49.9","market_price":"49.9","category":"Tortas e Doces","images":[{"url":"https:\/\/static.baratocoletivo.com.br\/2019\/0409\/10019568\/g_delicias-da-hel00dc3b356b.jpg"},{"url":"https:\/\/static.baratocoletivo.com.br\/2019\/0409\/10019568\/g_delicias-da-hela02914a152.jpg"},{"url":"https:\/\/static.baratocoletivo.com.br\/2019\/0409\/10019568\/g_delicias-da-hel3b74fe2777.jpg"}]}