{"id":"23150","title":"Voc\u00ea merece se divertir! Ingresso Inteira para o \"Ora, Pois!\" de R$30 por R$12,50 no Teatro do Humor & Cultura Cearense.","description":"A oferta inclui: Ingresso Inteira para o \"Ora, Pois!\" de R$30 por R$12,50 no Teatro do Humor & Cultura Cearense.\r\n\r\n<b>Elenco:<\/b> <b>LC Galeto, Erich Cardonha e Jardeson Cavalcante.<\/b> \r\n\r\n<b>O cupom \u00e9 v\u00e1lido exclusivamente dia 15\/04 \u00e0s 19h30.<\/b> \r\n\r\n<b>Os ingressos devem ser trocados na bilheteria do Teatro do Humor Cearense at\u00e9 1h antes do espet\u00e1culo, caso contr\u00e1rio, o cupom ser\u00e1 invalidado.<\/b>\r\n\r\n<b>Informa\u00e7\u00f5es:<\/b> (85) 98811.2466\r\n\r\nClassifica\u00e7\u00e3o: 14 anos.","price":"12.5","market_price":"30","category":"Entretenimento","images":[{"url":"https:\/\/static.baratocoletivo.com.br\/2019\/0410\/10019573\/g_teatro-do-humor-e-cultura-cearense7f7f2b5ea2.jpg"},{"url":"https:\/\/static.baratocoletivo.com.br\/2019\/0410\/10019573\/g_teatro-do-humor-e-cultura-cearensefbb53612ab.jpg"},{"url":"https:\/\/static.baratocoletivo.com.br\/2019\/0410\/10019573\/g_teatro-do-humor-e-cultura-cearense6b351640ec.jpg"},{"url":"https:\/\/static.baratocoletivo.com.br\/2019\/0410\/10019573\/g_teatro-do-humor-e-cultura-cearensee275c3349e.jpg"}]}