{"id":"23166","title":"Anivers\u00e1rio da Holliday Viagens! Passeio completo para Natal! Transporte + Hospedagem para 2 pessoas e 1 crian\u00e7a + City tour em Natal por R$339,90. Entrada de R$89,90 + 1x de R$250","description":"A oferta inclui: Pacote de viagem para Natal completo com a Holliday Viagens! Transporte Fortaleza\/Natal\/Fortaleza + Hospedagem para Casal ou 2 pessoas com 01 Crian\u00e7a de at\u00e9 04 anos + City tour + Passeios (Aqu\u00e1rio de Natal), Centro de lan\u00e7amento de Foguetes, Maior Cajueiro do Mundo, Praia de Ponta Negra, Praia de Pirangi e Praia de Genipabu por apenas R$339,90\r\n\r\n<b>Validade do cupom:<\/b> 20\/12\/2019, de sexta a domingo (exceto feriados e datas comemorativas).\r\n\r\n<b> O Cupom poder\u00e1 ser utilizado no m\u00eas de Julho viajando de (segunda a quarta) ou (quarta a sexta). Sujeito a disponibilidade.<\/b>\r\n\r\n<b>Hor\u00e1rios:<\/b> O \u00f4nibus sair\u00e1 da Avenida Treze de Maio, na pra\u00e7a da Igreja de F\u00e1tima, \u00e0s sextas-feiras. Hor\u00e1rio previsto de sa\u00edda \u00e0s 21h retornando no domingo \u00e0s 14h. Aproximadamente 8 horas de viagem.\r\n\r\nHospedagem na Pousada Economy Suites ou similar de acordo com disponibilidade. Check-in \u00e0s 14h do s\u00e1bado e Check-out \u00e0s 12h do domingo. A hospedagem n\u00e3o inclui caf\u00e9 da manh\u00e3.\r\n\r\n<b>A reserva deve ser realizada imediatamente ap\u00f3s a confirma\u00e7\u00e3o de pagamento, atrav\u00e9s do e-mail hollidayviagensetur@gmail.com. Dever\u00e1 contar no assunto \"Reserva Natal-RN\" e no contendo informar o c\u00f3digo do cupom da oferta, nome completo dos viajantes, CPF, RG, data de nascimento, e-mail e telefone para contato e data ao qual deseja viajar. Sujeito a disponibilidade.<\/b>\r\n\r\n<b>Forma de pagamento:<\/b> p\/ 2 pessoas: entrada de R$89,90 no site Barato Coletivo (cart\u00e3o de cr\u00e9dito ou boleto) + 1x R$ 250. A parcela de R$ 250 dever\u00e1 ser paga a agencia em at\u00e9 10 dias antes da data da viagem agendada, atrav\u00e9s de dep\u00f3sito banc\u00e1rio em conta informada no processo de reserva.\r\n\r\nCaso queira viajar sozinho, a forma de pagamento ser\u00e1: entrada de R$89,90 no site Barato Coletivo + 1x R$ 175. A parcela de R$ 175 dever\u00e1 ser paga a agencia em at\u00e9 10 dias antes da data da viagem agendada, atrav\u00e9s de deposito banc\u00e1rio em conta informada no processo de reserva.\r\n\r\nGratuidade para uma crian\u00e7a de at\u00e9 4 anos transportada no colo.\r\n\r\nA Holliday Viagens realiza um passeio tamb\u00e9m ao Maior Cajueiro do Mundo e ao Aqu\u00e1rio de Natal. As entradas para os passeio s\u00e3o: Aqu\u00e1rio (R$30 por pessoa) e o Maior Cajueiro (R$8 por pessoa). Ambos aceitam meia entrada com a carteirinha de estudante.\r\n\r\nInforma\u00e7\u00f5es: (85) 3229-2085 \/ (85) 98838-2173 (Whatsapp). Hor\u00e1rio de Atendimento de Seg a Sex das 10h \u00e0s 17h.\r\n \r\nA oferta n\u00e3o inclui gastos extras (alimenta\u00e7\u00f5es, despesas do frigobar e ingressos para entrar em pontos tur\u00edsticos e realizar passeios na cidade).\r\n \r\nAs ofertas e promo\u00e7\u00f5es s\u00e3o v\u00e1lidas enquanto houver lugares dispon\u00edveis ou at\u00e9 atingirem o limite m\u00e1ximo de cupons da oferta. N\u00e3o nos responsabilizamos pelo fato da oferta j\u00e1 ter expirado ou esgotado no momento em que o usu\u00e1rio acessar nosso website.\r\n\r\n<b>Caso a compra seja realizada e n\u00e3o haja mais disponibilidade para o pacote da viagem, o valor ser\u00e1 estornado pelo Barato Coletivo.<\/b>","price":"89.9","market_price":"339.9","category":"Hot\u00e9is","images":[{"url":"https:\/\/static.baratocoletivo.com.br\/2019\/0409\/10019376\/g_-holliday-viagens-e-turismo27e0537de2.jpg"},{"url":"https:\/\/static.baratocoletivo.com.br\/2019\/0409\/10019376\/g_-holliday-viagens-e-turismo4013ed7261.jpg"},{"url":"https:\/\/static.baratocoletivo.com.br\/2019\/0409\/10019376\/g_-holliday-viagens-e-turismo451aa082ee.jpg"},{"url":"https:\/\/static.baratocoletivo.com.br\/2019\/0409\/10019376\/g_-holliday-viagens-e-turismoc7122b5381.jpg"},{"url":"https:\/\/static.baratocoletivo.com.br\/2019\/0409\/10019376\/g_-holliday-viagens-e-turismo97d250052f.jpg"}]}