{"id":"23185","title":"REL\u00c2MPAGO: 2 di\u00e1rias para 4 adultos e 1 crian\u00e7a em Chal\u00e9 Duplex por apenas R$399 ","description":"A oferta inclui: Di\u00e1rias para at\u00e9 4 adultos e 1 crian\u00e7a em Chal\u00e9 Duplex a partir de R$399 na Pousada Sirius Canoa. <b>Escolha a op\u00e7\u00e3o de sua prefer\u00eancia no ato da compra.<\/b>\r\n\r\n<b>Chal\u00e9 Duplex:<\/b> 02 Su\u00edtes com camas individuais\/casal, ar condicionado e varanda. Sala ampla com TV e banheiro, Cozinha com completa e garagem. \r\n\r\n<b>Para a op\u00e7\u00e3o REL\u00c2MPAGO a validade do cupom \u00e9 EXCLUSIVAMENTE para o final de semana do dia 26 a 28\/04\/2019.<\/b>\r\n\r\n<b>Validade do cupom: 31\/05\/2019, todos os dias (exceto feriados e datas comemorativas).<\/b>\r\n\r\n<b>Agendamento:<\/b> ap\u00f3s a compra, agende imediatamente atrav\u00e9s dos telefones (85) 99117.7414 \/ (88) 99985.2377. Sujeito a disponibilidade.\r\n\r\nN\u00c3O inclui caf\u00e9 da manh\u00e3. Chal\u00e9s com cozinha completa.\r\n\r\nO check out dever\u00e1 ser realizado at\u00e9 12h (meio dia).\r\n\r\nN\u00e3o inclui despesas com o frigobar.\r\n","price":"399","market_price":"399","category":"Hot\u00e9is","images":[{"url":"https:\/\/static.baratocoletivo.com.br\/2019\/0410\/10019588\/g_pousada-sirius-canoa3effdb397e.jpg"},{"url":"https:\/\/static.baratocoletivo.com.br\/2019\/0410\/10019588\/g_pousada-sirius-canoa47e143e1c4.jpg"},{"url":"https:\/\/static.baratocoletivo.com.br\/2019\/0410\/10019588\/g_pousada-sirius-canoa5c10a4ce9c.jpg"},{"url":"https:\/\/static.baratocoletivo.com.br\/2019\/0410\/10019588\/g_pousada-sirius-canoa604b58820d.jpg"},{"url":"https:\/\/static.baratocoletivo.com.br\/2019\/0410\/10019588\/g_pousada-sirius-canoa484b021cfa.jpg"},{"url":"https:\/\/static.baratocoletivo.com.br\/2019\/0410\/10019588\/g_pousada-sirius-canoa08fb46a503.jpg"},{"url":"https:\/\/static.baratocoletivo.com.br\/2019\/0410\/10019588\/g_pousada-sirius-canoa0c3134db9c.jpg"},{"url":"https:\/\/static.baratocoletivo.com.br\/2019\/0410\/10019588\/g_pousada-sirius-canoabf912d074f.jpg"},{"url":"https:\/\/static.baratocoletivo.com.br\/2019\/0410\/10019588\/g_pousada-sirius-canoacb4b3b6635.jpg"},{"url":"https:\/\/static.baratocoletivo.com.br\/2019\/0410\/10019588\/g_pousada-sirius-canoaa"}]}